{
	"name": "foundryvtt-mountup",
	"title": "FoundryVTT Mount Up!",
	"description": "Allows tokens to carry or be carried by other tokens. This is completely system agnostic, and fully customizable to fit right into your game.",
	"author": "Brunhine and p4535992",
	"version": "3.1.4",
  "type": "module",
  "socket": true,
  "includes": [
    "./assets/**",
    "./lang/**",
    "./scripts/**",
    "./styles/**",
    "./templates/**",
    "./module.json",
    "./README.md",
    "./icons/**",
    "./packs/**"
  ],
  "media": [
    {
      "type": "icon",
      "location": ""
    },
    {
      "type": "cover",
      "location": ""
    },
    {
      "type": "screenshot",
      "location": ""
    }
  ],
	"languages": [
		{
			"lang": "en",
			"name": "English",
			"path": "lang/en.json"
		},
		{
			"lang": "ja",
			"name": " 日本語",
			"path": "lang/ja.json"
		}
	],
  "scripts": [

  ],
  "esmodules": [
    "foundryvtt-mountup.js"
  ],
  "styles": [

  ],
  "url": "https://github.com/p4535992/MountUp",
  "manifest": "https://raw.githubusercontent.com/p4535992/MountUp/master/src/module.json",
  "download": "https://raw.githubusercontent.com/p4535992/MountUp/master/package/foundryvtt-mountup-v3.1.3.zip",
  "minimumCoreVersion": "0.7.6",
  "compatibleCoreVersion": "0.7.9",
  "changelog": "https://raw.githubusercontent.com/p4535992/MountUp/master/changelog.md",
  "bugs": "https://github.com/p4535992/MountUp/issues",
  "allowBugReporter": true,
  "dependencies": [
    {
      "name": "lib-wrapper"
    },
    {
      "name": "token-attacher"
    }
  ]
}
